{
  "$schema": "http://schema.management.azure.com/schemas/2015-01-01/deploymentTemplate.json#",
  "contentVersion": "1.0.0.0",
  "parameters": {
    "factoryName": {
      "type": "string",
      "metadata": "Data Factory name"
    },
    "AzureMLService2": {
      "type": "string"
    }
  },
  "variables": {
    "factoryId": "[concat('Microsoft.DataFactory/factories/', parameters('factoryName'))]"
  },
  "resources": [
    {
      "name": "[concat(parameters('factoryName'), '/MLModelRunner')]",
      "type": "Microsoft.DataFactory/factories/pipelines",
      "apiVersion": "2018-06-01",
      "properties": {
        "description": "Pipeline to execute ML model on dataset",
        "activities": [
          {
            "name": "Machine learning Model execution",
            "type": "AzureMLExecutePipeline",
            "dependsOn": [
              {
                "activity": "Drop Score Table",
                "dependencyConditions": [
                  "Completed"
                ]
              }
            ],
            "policy": {
              "timeout": "7.00:00:00",
              "retry": 0,
              "retryIntervalInSeconds": 30,
              "secureOutput": false,
              "secureInput": false
            },
            "userProperties": [],
            "typeProperties": {
              "mlPipelineId": null,
              "experimentName": "prediction-death-exp"
            },
            "linkedServiceName": {
              "referenceName": "[parameters('AzureMLService2')]",
              "type": "LinkedServiceReference"
            }
          },
          {
            "name": "Drop Score Table",
            "type": "Lookup",
            "dependsOn": [
              {
                "activity": "Data Loader Pipeline",
                "dependencyConditions": [
                  "Completed"
                ]
              }
            ],
            "policy": {
              "timeout": "7.00:00:00",
              "retry": 0,
              "retryIntervalInSeconds": 30,
              "secureOutput": false,
              "secureInput": false
            },
            "userProperties": [],
            "typeProperties": {
              "source": {
                "type": "AzureSqlSource",
                "sqlReaderQuery": "IF OBJECT_ID('dbo.Scores', 'U') IS NOT NULL \n  DROP TABLE dbo.Scores; \nselect 1;\n",
                "queryTimeout": "02:00:00",
                "partitionOption": "None"
              },
              "dataset": {
                "referenceName": "SqlDbStagingSource",
                "type": "DatasetReference",
                "parameters": {}
              }
            }
          },
          {
            "name": "Data Loader Pipeline",
            "type": "ExecutePipeline",
            "dependsOn": [],
            "userProperties": [],
            "typeProperties": {
              "pipeline": {
                "referenceName": "SqlDataLoader",
                "type": "PipelineReference"
              },
              "waitOnCompletion": true,
              "parameters": {}
            }
          }
        ],
        "annotations": [],
        "lastPublishTime": "2020-08-26T11:02:59Z"
      },
      "dependsOn": [
        "[concat(variables('factoryId'), '/datasets/SqlDbStagingSource')]",
        "[concat(variables('factoryId'), '/pipelines/SqlDataLoader')]"
      ]
    }
  ]
}